{
  "timestamp": "2026-04-22T14:11:12.058612",
  "n_per_mode": 15,
  "results": {
    "analytics_only": {
      "avg_ttr": 3.93,
      "success_rate": 100.0,
      "ttrs": [
        4,
        3,
        4,
        4,
        4,
        5,
        3,
        3,
        4,
        4,
        4,
        5,
        3,
        5,
        4
      ]
    },
    "maml_only": {
      "avg_ttr": 13.13,
      "success_rate": 26.666666666666668,
      "ttrs": [
        15,
        7,
        7,
        15,
        15,
        15,
        15,
        15,
        15,
        7,
        15,
        15,
        15,
        11,
        15
      ]
    },
    "combined": {
      "avg_ttr": 4.2,
      "success_rate": 100.0,
      "ttrs": [
        4,
        4,
        4,
        4,
        3,
        6,
        4,
        4,
        4,
        4,
        4,
        5,
        6,
        3,
        4
      ]
    }
  }
}